{
  "timestamp": "2025-05-31T00:36:16.418830",
  "camera_setup": {
    "model": "Logitech C505",
    "resolution": [
      640,
      480
    ],
    "focal_length_pixels": 803.6439680811692,
    "camera_matrix": [
      [
        802.8140964481928,
        0.0,
        318.39669714801533
      ],
      [
        0.0,
        804.4738397141456,
        259.1744849890059
      ],
      [
        0.0,
        0.0,
        1.0
      ]
    ],
    "dist_coeffs": [
      0.003586703287805243,
      0.8693731709829269,
      0.007821814962056799,
      -0.0008756546688051044,
      -3.100623189589213
    ]
  },
  "aruco_setup": {
    "marker_size_m": 0.16,
    "dictionary": "5"
  },
  "calibration_results": {
    "range_model": {
      "alpha": 0.002428182646166649,
      "beta": -0.005080195185956429,
      "r_squared": 0.9775013112072685,
      "covariance": [
        [
          4.523569819541912e-08,
          -4.975926818041634e-07
        ],
        [
          -4.975926818041634e-07,
          8.857149827953164e-06
        ]
      ]
    },
    "bearing_model": {
      "alpha": 0.011039605440430542,
      "beta": -0.21012776668809244,
      "r_squared": 0.9810579784019374,
      "covariance": [
        [
          2.0147540717523144e-07,
          -6.828605181884386e-06
        ],
        [
          -6.828605181884386e-06,
          0.00028416938421929914
        ]
      ],
      "data_points": {
        "pixel_sizes": [
          24.73472785949707,
          31.213117599487305,
          41.972286224365234,
          62.82407760620117,
          125.93262481689453
        ],
        "angular_stds_rad": [
          0.0024468278597159455,
          0.004793328404590269,
          0.0054906562876744095,
          0.007705193910159159,
          0.009515114381645593
        ],
        "angular_stds_deg": [
          0.14019290955675193,
          0.2746374874031987,
          0.31459143204071205,
          0.4414750913820238,
          0.5451758956525246
        ]
      }
    }
  },
  "usage_example": {
    "python_code": "import numpy as np\n\ndef get_measurement_covariance_matrix(distance_meters, marker_pixel_size):\n    \"\"\"\n    Calculate measurement covariance matrix for range-bearing measurements\n    Args: \n        distance_meters - estimated distance to target\n        marker_pixel_size - size of marker in pixels (average side length)\n    Returns:\n        2x2 covariance matrix [[\u03c3_r\u00b2, 0], [0, \u03c3_\u03b8\u00b2]]\n    \"\"\"\n    # Range error model: \u03c3_r(d) = 0.002428\u00b7d\u00b2 + -0.005080\n    sigma_r = 0.002428 * distance_meters**2 + -0.005080\n    # Ensure positive value (minimum 1mm error)\n    sigma_r = max(sigma_r, 0.001)\n    \n    # Bearing error model: \u03c3_\u03b8 = 0.011040 + -0.210128/s\n    sigma_theta = 0.011040 + -0.210128 / marker_pixel_size\n    # Ensure positive value\n    sigma_theta = max(sigma_theta, 1e-6)\n    \n    # Create covariance matrix\n    R = np.array([[sigma_r**2, 0.0],\n                  [0.0, sigma_theta**2]])\n    return R\n\n# Example usage:\n# R = get_measurement_covariance_matrix(2.5, 45.0)\n# print('Measurement covariance matrix:')\n# print(f'Range variance: {R[0,0]:.6f} m\u00b2')\n# print(f'Bearing variance: {R[1,1]:.9f} rad\u00b2')\n"
  },
  "raw_data": {
    "range_measurements": [
      {
        "marker_id": 9,
        "actual_distance": 1.0,
        "measured_distance": 1.0022424641954337,
        "measurement_std": 0.000602420497431511,
        "avg_pixel_size": 129.0509796142578,
        "num_samples": 30,
        "raw_measurements": [
          1.0025191674202225,
          1.0025191674202225,
          1.0025191674202225,
          1.0025191674202225,
          1.0025191674202225,
          1.0025191674202225,
          1.0025191674202225,
          1.0025191674202225,
          1.0025191674202225,
          1.0025191674202225,
          1.0025191674202225,
          1.0025191674202225,
          1.0025191674202225,
          1.0007593144880482,
          1.0007593144880482,
          1.0025191674202225,
          1.0025191674202225,
          1.0025191674202225,
          1.0007593144880482,
          1.00188832491274,
          1.0025191674202225,
          1.0025191674202225,
          1.0025191674202225,
          1.0025191674202225,
          1.0025191674202225,
          1.0007593144880482,
          1.0025191674202225,
          1.0025191674202225,
          1.00188832491274,
          1.0025191674202225
        ]
      },
      {
        "marker_id": 9,
        "actual_distance": 2.0,
        "measured_distance": 2.0111246303803014,
        "measurement_std": 0.005689492377654057,
        "avg_pixel_size": 63.822021484375,
        "num_samples": 30,
        "raw_measurements": [
          2.014286287276449,
          2.0017544114133905,
          2.0017544114133905,
          2.014286287276449,
          2.014286287276449,
          2.014286287276449,
          2.014286287276449,
          2.014286287276449,
          2.014286287276449,
          2.014286287276449,
          2.014286287276449,
          2.014286287276449,
          2.014286287276449,
          2.0017544114133905,
          2.0017544114133905,
          2.014286287276449,
          2.014286287276449,
          2.0017544114133905,
          2.0017544114133905,
          2.0017544114133905,
          2.0017544114133905,
          2.014286287276449,
          2.014286287276449,
          2.0169889372864707,
          2.0169889372864707,
          2.014286287276449,
          2.014286287276449,
          2.014286287276449,
          2.014286287276449,
          2.014286287276449
        ]
      },
      {
        "marker_id": 9,
        "actual_distance": 3.0,
        "measured_distance": 3.022083150849237,
        "measurement_std": 0.011133405998325683,
        "avg_pixel_size": 42.5552864074707,
        "num_samples": 30,
        "raw_measurements": [
          3.0276498538484002,
          2.999816338852586,
          2.999816338852586,
          3.0276498538484002,
          3.0276498538484002,
          3.0276498538484002,
          3.0276498538484002,
          3.0276498538484002,
          3.0276498538484002,
          3.0276498538484002,
          3.0276498538484002,
          3.0276498538484002,
          3.0276498538484002,
          3.0276498538484002,
          3.0276498538484002,
          3.0276498538484002,
          3.0276498538484002,
          3.0276498538484002,
          3.0276498538484002,
          3.0276498538484002,
          3.0276498538484002,
          2.999816338852586,
          2.999816338852586,
          3.0276498538484002,
          3.0276498538484002,
          3.0276498538484002,
          3.0276498538484002,
          2.999816338852586,
          2.999816338852586,
          3.0276498538484002
        ]
      },
      {
        "marker_id": 9,
        "actual_distance": 4.0,
        "measured_distance": 4.043416856963477,
        "measurement_std": 0.03265274841661034,
        "avg_pixel_size": 31.63092041015625,
        "num_samples": 30,